Ville,Pays,Region,Espace_Perso,Eau_Robinet,Ponctualite,Prise_Elec,Tabou_Majeur,Contexte_RAG
Paris,France,Europe,Moyen,Sûre,Flexible,Type E,Oublier le "Bonjour","À Paris (France), l'eau est sûre. La ponctualité est flexible (15 min). Il est impératif de dire 'Bonjour' en entrant dans un commerce. Prises type E."
Tokyo,Japon,Asie Est,Grand,Sûre,Absolue,Type A/B,Parler fort au téléphone,"À Tokyo (Japon), la ponctualité est absolue. Le pourboire est une insulte. Il faut éviter de parler fort au téléphone en public. Prises type A/B."
New York,USA,Amérique Nord,Grand,Sûre,Strict,Type A/B,Oublier le Tip,"À New York (USA), l'eau est sûre. Le pourboire de 18-25% est obligatoire. La ponctualité est stricte. Prises type A/B."
Dubaï,EAU,Moyen-Orient,Moyen,Bouteille,Flexible,Type G,Manger en public (Ramadan),"À Dubaï (EAU), l'eau est en bouteille. La ponctualité est flexible. Il est interdit de manger en public pendant le Ramadan. Prises type G."
Londres,Royaume-Uni,Europe,Grand,Sûre,Strict,Type G,Doubler dans une file,"À Londres (UK), l'eau est sûre. La ponctualité est stricte. Doubler dans une file d'attente est un tabou social majeur. Prises type G."
Séoul,Corée du Sud,Asie Est,Petit,Sûre,Strict,Type C/F,Toucher un aîné,"À Séoul (Corée du Sud), l'eau est sûre. La ponctualité est stricte. Il est tabou de toucher un aîné ou de mal se tenir devant lui. Prises type C/F."
Bangkok,Thaïlande,Asie Sud-Est,Moyen,Bouteille,Flexible,Type A/C,Toucher la tête,"À Bangkok (Thaïlande), l'eau est en bouteille. La ponctualité est flexible. Ne jamais toucher la tête de quelqu'un, c'est sacré. Prises type A/C."
Berlin,Allemagne,Europe,Grand,Sûre,Absolue,Type F,Traverser au rouge,"À Berlin (Allemagne), la ponctualité est absolue. Traverser au feu rouge est très mal vu par les locaux. Prises type F."
Rome,Italie,Europe,Petit,Sûre,Flexible,Type L,Cappuccino après 11h,"À Rome (Italie), l'eau est sûre. La ponctualité est flexible. Commander un cappuccino après 11h du matin est un tabou culinaire. Prises type L."
Mexico,Mexique,Amér. Latine,Très Petit,Bouteille,Flexible,Type A/B,Critiquer la cuisine,"À Mexico (Mexique), l'eau est en bouteille. La ponctualité est flexible. Ne jamais critiquer la cuisine locale devant un hôte. Prises type A/B."
Singapour,Singapour,Asie Sud-Est,Moyen,Sûre,Strict,Type G,Chewing-gum / Déchets,"À Singapour, l'eau est sûre et la ponctualité stricte. Le chewing-gum et les déchets au sol sont passibles d'amendes. Prises type G."
Riyadh,Arabie Saoudite,Moyen-Orient,Moyen,Bouteille,Flexible,Type G,Main gauche pour manger,"À Riyadh (Arabie Saoudite), l'eau est en bouteille. La ponctualité est flexible. Utilisez toujours la main droite pour manger. Prises type G."
Buenos Aires,Argentine,Amér. Latine,Très Petit,Sûre,Très Flexible,Type C/I,Sujets politiques,"À Buenos Aires (Argentine), l'eau est sûre. La ponctualité est très flexible. Évitez de parler des Malouines ou de politique sensible. Prises type C/I."
Casablanca,Maroc,Afrique Nord,Petit,Bouteille,Flexible,Type C/E,Refuser un thé,"À Casablanca (Maroc), l'eau est en bouteille. La ponctualité est flexible. Refuser un thé à la menthe est un manque de politesse. Prises type C/E."
Sydney,Australie,Océanie,Grand,Sûre,Strict,Type I,Arrogance,"À Sydney (Australie), l'eau est sûre. La ponctualité est stricte. L'arrogance est très mal perçue (loi du grand coquelicot). Prises type I."
Hong Kong,Chine,Asie Est,Très Petit,Sûre,Strict,Type G,Pointer du doigt,"À Hong Kong (Chine), l'eau est sûre. La ponctualité est stricte. Évitez de pointer du doigt, préférez la main ouverte. Prises type G."
Madrid,Espagne,Europe,Petit,Sûre,Flexible,Type F,Arriver tôt au dîner,"À Madrid (Espagne), l'eau est sûre. La ponctualité est flexible. On ne dîne jamais avant 21h ou 22h. Prises type F."
Vienne,Autriche,Europe,Grand,Sûre,Absolue,Type F,Mélanger les poubelles,"À Vienne (Autriche), la ponctualité est absolue. Le tri sélectif des déchets est extrêmement rigoureux et obligatoire. Prises type F."
Istanbul,Turquie,Europe/Asie,Petit,Sûre,Flexible,Type F,Pointer le pied vers qqn,"À Istanbul (Turquie), l'eau est sûre. La ponctualité est flexible. Pointer la semelle de son pied vers quelqu'un est impoli. Prises type F."
Toronto,Canada,Amérique Nord,Grand,Sûre,Strict,Type A/B,Confondre avec les USA,"À Toronto (Canada), l'eau est sûre. La ponctualité est stricte. Ne confondez jamais la culture canadienne avec celle des USA. Prises type A/B."
Mumbai,Inde,Asie Sud,Très Petit,Bouteille,Très Flexible,Type D/M,Toucher avec les pieds,"À Mumbai (Inde), l'eau est en bouteille. La ponctualité est très flexible. Toucher quelqu'un ou un objet avec ses pieds est offensant. Prises type D/M."
Le Caire,Égypte,Afrique Nord,Petit,Bouteille,Très Flexible,Type C/F,Photos sensibles,"Au Caire (Égypte), l'eau est en bouteille. La ponctualité est très flexible. Ne prenez pas de photos de bâtiments militaires. Prises type C/F."
Stockholm,Suède,Europe,Très Grand,Sûre,Absolue,Type F,Conversation spontanée,"À Stockholm (Suède), la ponctualité est absolue. Aborder des inconnus sans raison précise est contraire aux normes sociales. Prises type F."
Rio de Janeiro,Brésil,Amér. Latine,Très Petit,Sûre,Très Flexible,Type N,Parler espagnol,"À Rio (Brésil), l'eau est sûre. La ponctualité est très flexible. Ne parlez pas espagnol, faites l'effort de parler portugais. Prises type N."
Zurich,Suisse,Europe,Grand,Sûre,Absolue,Type J,Bruit après 22h,"À Zurich (Suisse), la ponctualité est absolue. Faire du bruit (douche, chasse d'eau) après 22h est très mal vu. Prises type J."
Lagos,Nigeria,Afrique,Petit,Bouteille,Flexible,Type G,Ignorer les aînés,"À Lagos (Nigeria), l'eau est en bouteille. La ponctualité est flexible. Le respect des aînés est la base de toute interaction. Prises type G."
Nairobi,Kenya,Afrique,Moyen,Bouteille,Flexible,Type G,Contact visuel prolongé,"À Nairobi (Kenya), l'eau est en bouteille. La ponctualité est flexible. Un contact visuel trop long avec un aîné peut être impoli. Prises type G."
Hanoï,Vietnam,Asie Sud-Est,Petit,Bouteille,Flexible,Type A/C,Perdre son calme,"À Hanoï (Vietnam), l'eau est en bouteille. La ponctualité est flexible. Perdre son calme en public fait 'perdre la face'. Prises type A/C."
Lisbonne,Portugal,Europe,Moyen,Sûre,Flexible,Type F,Comparer à l'Espagne,"À Lisbonne (Portugal), l'eau est sûre. La ponctualité est flexible. Ne comparez jamais la langue ou la culture à l'Espagne. Prises type F."
Prague,Rép. Tchèque,Europe,Moyen,Sûre,Strict,Type E,Parler fort au resto,"À Prague (Tchéquie), l'eau est sûre. La ponctualité est stricte. Les locaux apprécient le calme dans les restaurants. Prises type E."
Abidjan,Côte d'Ivoire,Afrique Ouest,Petit,Bouteille,Flexible,Type C/E,Ignorer les aînés,"À Abidjan (Côte d'Ivoire), l'eau est préférée en bouteille. La ponctualité est flexible. Il est tabou de ne pas saluer ou d'ignorer les aînés. Prises type C/E."
Dakar,Sénégal,Afrique Ouest,Petit,Bouteille,Flexible,Type C/D/E,Manger devant les gens (jeûne),"À Dakar (Sénégal), l'eau est en bouteille. La ponctualité est flexible. Il est impoli de manger ostensiblement devant ceux qui jeûnent. Prises type C/D/E."
Lomé,Togo,Afrique Ouest,Petit,Bouteille,Flexible,Type C,Main gauche pour donner,"À Lomé (Togo), l'eau est en bouteille. Utilisez toujours la main droite pour donner ou recevoir un objet. La ponctualité est flexible. Prises type C."
Cotonou,Bénin,Afrique Ouest,Petit,Bouteille,Flexible,Type C/E,Critiquer les traditions,"À Cotonou (Bénin), l'eau est en bouteille. La ponctualité est flexible. Respectez strictement les traditions locales et le culte Vaudou. Prises type C/E."
Accra,Ghana,Afrique Ouest,Moyen,Bouteille,Flexible,Type G,Utiliser la main gauche,"À Accra (Ghana), l'eau est en bouteille. La ponctualité est flexible. La main gauche est considérée comme impure pour saluer ou manger. Prises type G."
Yaoundé,Cameroun,Afrique Centrale,Petit,Bouteille,Flexible,Type C/E,Ne pas saluer le groupe,"À Yaoundé (Cameroun), l'eau est en bouteille. Quand on entre dans une pièce, il est tabou de ne pas saluer chaque personne présente. Prises type C/E."
Douala,Cameroun,Afrique Centrale,Petit,Bouteille,Flexible,Type C/E,Critiquer la nourriture,"À Douala (Cameroun), l'eau est en bouteille. La ponctualité est flexible. Critiquer le plat offert par un hôte est une grave offense. Prises type C/E."
Libreville,Gabon,Afrique Centrale,Petit,Bouteille,Flexible,Type C/E,Manque de courtoisie,"À Libreville (Gabon), l'eau est en bouteille. La ponctualité est flexible. La politesse et les salutations formelles sont obligatoires. Prises type C/E."
Brazzaville,Congo,Afrique Centrale,Petit,Bouteille,Flexible,Type C/E,Tenue négligée,"À Brazzaville (Congo), l'élégance est une norme sociale (SAPE). Une tenue négligée en public est très mal vue. Prises type C/E."
Kinshasa,RDC,Afrique Centrale,Petit,Bouteille,Flexible,Type C/E,Filmer sans permission,"À Kinshasa (RDC), l'eau est en bouteille. La ponctualité est flexible. Il est strictement interdit de filmer des sites officiels ou des gens sans accord. Prises type C/E."
Kigali,Rwanda,Afrique Est,Moyen,Sûre,Strict,Type C/J,Jeter des déchets,"À Kigali (Rwanda), l'eau est sûre. La ville est extrêmement propre et jeter un déchet au sol est un tabou majeur passible d'amende. Prises type C/J."
Kampala,Ouganda,Afrique Est,Moyen,Bouteille,Flexible,Type G,Vêtements trop courts,"À Kampala (Ouganda), l'eau est en bouteille. La ponctualité est flexible. Les tenues vestimentaires doivent rester modestes en public. Prises type G."
Addis-Abeba,Éthiopie,Afrique Est,Petit,Bouteille,Flexible,Type C/F/G,Manger seul son plat,"À Addis-Abeba (Éthiopie), l'eau est en bouteille. On partage souvent le plat (Injera) ; manger seul dans son coin est mal vu. Prises type C/F/G."
Dar es Salam,Tanzanie,Afrique Est,Moyen,Bouteille,Flexible,Type G,Main gauche,"À Dar es Salam (Tanzanie), l'eau est en bouteille. La ponctualité est flexible. La main gauche ne doit jamais servir à manger ou saluer. Prises type G."
Djibouti,Djibouti,Afrique Est,Moyen,Bouteille,Flexible,Type C/E,Refuser le thé,"À Djibouti, l'hospitalité passe par le thé. Le refuser est un signe de rejet social. L'eau est préférée en bouteille. Prises type C/E."
Luanda,Angola,Afrique Australe,Petit,Bouteille,Flexible,Type C,Parler de politique,"À Luanda (Angola), l'eau est en bouteille. La ponctualité est flexible. Évitez les discussions politiques sensibles avec les locaux. Prises type C."
Maputo,Mozambique,Afrique Australe,Petit,Bouteille,Flexible,Type C/F/M,Impatience au resto,"À Maputo (Mozambique), l'eau est en bouteille. Le service peut être lent, montrer de l'impatience est considéré comme impoli. Prises type C/F/M."
Antananarivo,Madagascar,Océan Indien,Moyen,Bouteille,Flexible,Type C/E,Pointer les tombes,"À Antananarivo (Madagascar), respecter les 'Fady' (tabous) est crucial. Ne jamais pointer du doigt une tombe ou un site sacré. Prises type C/E."
Port-Louis,Maurice,Océan Indien,Moyen,Sûre,Flexible,Type C/G,Chaussures dans les temples,"À Port-Louis (Maurice), l'eau est sûre. Retirez toujours vos chaussures avant d'entrer dans un temple ou une mosquée. Prises type C/G."
Praia,Cap-Vert,Afrique Ouest,Petit,Sûre,Flexible,Type C/F,Stress / Précipitation,"À Praia (Cap-Vert), la 'Morabeza' impose calme et gentillesse. Être stressé ou pressé est mal perçu par les locaux. Prises type C/F."
Tunis,Tunisie,Maghreb,Petit,Bouteille,Flexible,Type C/E,Critiquer la religion,"À Tunis (Tunisie), l'eau est préférée en bouteille. La ponctualité est flexible. Les critiques sur la religion sont à éviter. Prises type C/E."
Alger,Algérie,Maghreb,Petit,Bouteille,Flexible,Type C/E,Refuser l'hospitalité,"À Alger (Algérie), l'eau est en bouteille. Refuser une invitation ou un geste d'hospitalité est une offense envers l'hôte. Prises type C/E."
Rabat,Maroc,Maghreb,Petit,Bouteille,Flexible,Type C/E,Entrer avec chaussures,"À Rabat (Maroc), l'eau est en bouteille. La ponctualité est flexible. On retire ses chaussures avant d'entrer dans un salon marocain. Prises type C/E."
Alexandrie,Égypte,Afrique Nord,Petit,Bouteille,Flexible,Type C/F,Main gauche,"À Alexandrie (Égypte), l'eau est en bouteille. La ponctualité est flexible. Comme au Caire, évitez d'utiliser la main gauche pour les interactions. Prises type C/F."
Khartoum,Soudan,Afrique Nord,Moyen,Bouteille,Flexible,Type C/D,Alcool (interdit),"À Khartoum (Soudan), l'alcool est strictement interdit par la loi. La ponctualité est flexible et l'eau est en bouteille. Prises type C/D."
Kyoto,Japon,Asie Est,Grand,Sûre,Absolue,Type A/B,Bruit dans les temples,"À Kyoto (Japon), le silence est d'or dans les temples. La ponctualité est absolue et l'espace personnel est grand. Prises type A/B."
Osaka,Japon,Asie Est,Moyen,Sûre,Absolue,Type A/B,Bloquer l'escalator,"À Osaka (Japon), l'étiquette des escalators (côté gauche/droit) est stricte. La ponctualité est absolue et l'eau est sûre. Prises type A/B."
Sapporo,Japon,Asie Est,Grand,Sûre,Absolue,Type A/B,Mauvais tri des déchets,"À Sapporo (Japon), le tri des déchets est complexe et obligatoire. La ponctualité est absolue et l'eau est sûre. Prises type A/B."
Fukuoka,Japon,Asie Est,Grand,Sûre,Absolue,Type A/B,Parler fort,"À Fukuoka (Japon), la discrétion est la règle. Parler fort dans les transports ou lieux publics est un tabou majeur. Prises type A/B."
Nagoya,Japon,Asie Est,Grand,Sûre,Absolue,Type A/B,Ignorer les files,"À Nagoya (Japon), on respecte scrupuleusement les files d'attente pour le train ou le bus. La ponctualité est absolue. Prises type A/B."
Busan,Corée du Sud,Asie Est,Petit,Sûre,Strict,Type C/F,S'asseoir place réservée,"À Busan (Corée du Sud), l'eau est sûre. Ne jamais s'asseoir sur les places réservées aux seniors dans le métro, même vides. Prises type C/F."
Daegu,Corée du Sud,Asie Est,Petit,Sûre,Strict,Type C/F,Boire avant l'aîné,"À Daegu (Corée du Sud), la ponctualité est stricte. À table, attendez que l'aîné commence à boire ou manger avant vous. Prises type C/F."
Incheon,Corée du Sud,Asie Est,Petit,Sûre,Strict,Type C/F,Crier en public,"À Incheon (Corée du Sud), l'eau est sûre. Évitez les éclats de voix ou les comportements bruyants dans la rue. Prises type C/F."
Gwangju,Corée du Sud,Asie Est,Petit,Sûre,Strict,Type C/F,Manque de respect profs,"À Gwangju (Corée du Sud), l'éducation est sacrée. Tout manque de respect envers un enseignant ou un aîné est grave. Prises type C/F."
Daejeon,Corée du Sud,Asie Est,Petit,Sûre,Strict,Type C/F,Payer séparément,"À Daejeon (Corée du Sud), entre amis, il est courant qu'une personne invite le groupe plutôt que de diviser l'addition. Prises type C/F."
Chiang Mai,Thaïlande,Asie Sud-Est,Moyen,Bouteille,Flexible,Type A/C,Vêtements courts (temple),"À Chiang Mai (Thaïlande), l'eau est en bouteille. Couvrez vos épaules et genoux pour visiter les nombreux temples sacrés. Prises type A/C."
Phuket,Thaïlande,Asie Sud-Est,Moyen,Bouteille,Flexible,Type A/C,Critiquer le Roi,"À Phuket (Thaïlande), l'eau est en bouteille. La lèse-majesté est un crime grave ; ne critiquez jamais la monarchie. Prises type A/C."
Pattaya,Thaïlande,Asie Sud-Est,Moyen,Bouteille,Flexible,Type A/C,Drogues,"À Pattaya (Thaïlande), la ponctualité est flexible. Les lois sur les stupéfiants sont extrêmement sévères (peine capitale). Prises type A/C."
Krabi,Thaïlande,Asie Sud-Est,Moyen,Bouteille,Flexible,Type A/C,Toucher les moines,"À Krabi (Thaïlande), l'eau est en bouteille. Les femmes ne doivent jamais toucher un moine ou ses vêtements. Prises type A/C."
Koh Samui,Thaïlande,Asie Sud-Est,Moyen,Bouteille,Flexible,Type A/C,S'énerver bruyamment,"À Koh Samui (Thaïlande), la 'Jai Yen' (cœur froid) est la règle. S'énerver ou crier en public fait perdre la face. Prises type A/C."
Saigon,Vietnam,Asie Sud-Est,Petit,Bouteille,Flexible,Type A/C,Perdre la face,"À Saigon (Ho Chi Minh Ville), l'eau est en bouteille. Évitez de confronter quelqu'un directement pour ne pas lui faire perdre la face. Prises type A/C."
Da Nang,Vietnam,Asie Sud-Est,Petit,Bouteille,Flexible,Type A/C,Parler de la guerre,"À Da Nang (Vietnam), la ponctualité est flexible. Évitez d'aborder les sujets sensibles liés à la guerre du Vietnam. Prises type A/C."
Hue,Vietnam,Asie Sud-Est,Petit,Bouteille,Flexible,Type A/C,Tenue provocante,"À Hue (Vietnam), ancienne cité impériale, une tenue décente est de rigueur, particulièrement près des tombeaux. Prises type A/C."
Nha Trang,Vietnam,Asie Sud-Est,Petit,Bouteille,Flexible,Type A/C,Impudeur,"À Nha Trang (Vietnam), l'eau est en bouteille. Bien que balnéaire, restez pudique dès que vous quittez la plage. Prises type A/C."
Phnom Penh,Cambodge,Asie Sud-Est,Moyen,Bouteille,Flexible,Type A/C/G,Toucher la tête,"À Phnom Penh (Cambodge), la tête est la partie la plus sacrée du corps. Ne la touchez jamais, même chez un enfant. Prises type A/C/G."
Siem Reap,Cambodge,Asie Sud-Est,Moyen,Bouteille,Flexible,Type A/C/G,Sacrilège aux temples,"À Siem Reap (Cambodge), l'eau est en bouteille. Respectez strictement le code vestimentaire à Angkor Wat. Prises type A/C/G."
Vientiane,Laos,Asie Sud-Est,Moyen,Bouteille,Flexible,Type C/E,Pieds vers Bouddha,"À Vientiane (Laos), les pieds sont considérés comme impurs. Ne les pointez jamais vers une statue de Bouddha ou une personne. Prises type C/E."
Luang Prabang,Laos,Asie Sud-Est,Moyen,Bouteille,Flexible,Type C/E,Interrompre les moines,"À Luang Prabang (Laos), respectez la quête matinale des moines en gardant vos distances et le silence. Prises type C/E."
Kuala Lumpur,Malaisie,Asie Sud-Est,Moyen,Bouteille,Flexible,Type G,Chien en public,"À Kuala Lumpur (Malaisie), l'eau est en bouteille. Les chiens sont mal vus dans certains quartiers en raison des normes religieuses. Prises type G."
Penang,Malaisie,Asie Sud-Est,Moyen,Bouteille,Flexible,Type G,Manger main gauche,"À Penang (Malaisie), utilisez toujours votre main droite pour manger, la gauche étant réservée à l'hygiène intime. Prises type G."
Chicago,USA,Amérique Nord,Grand,Sûre,Strict,Type A/B,Ignorer le serveur,"À Chicago (USA), l'eau est sûre. Il est impoli de ne pas saluer ou d'ignorer le personnel de service. Pourboire 20%+. Prises type A/B."
Los Angeles,USA,Amérique Nord,Grand,Sûre,Strict,Type A/B,Fumer en public,"À Los Angeles (USA), la ponctualité est stricte. Il est souvent interdit de fumer dans les parcs ou sur les plages. Prises type A/B."
Miami,USA,Amérique Nord,Moyen,Sûre,Flexible,Type A/B,Tenue de plage en ville,"À Miami (USA), l'eau est sûre. Gardez vos vêtements de plage pour la plage ; entrez habillé dans les commerces et restos. Prises type A/B."
San Francisco,USA,Amérique Nord,Grand,Sûre,Strict,Type A/B,Utiliser plastique jetable,"À San Francisco (USA), l'écologie est prioritaire. Évitez le plastique à usage unique sous peine de critiques. Prises type A/B."
Vancouver,Canada,Amérique Nord,Grand,Sûre,Strict,Type A/B,Critiquer l'environnement,"À Vancouver (Canada), l'eau est sûre. La nature est une fierté nationale ; évitez toute remarque négative sur l'environnement. Prises type A/B."
Montreal,Canada,Amérique Nord,Moyen,Sûre,Flexible,Type A/B,Parler anglais d'emblée,"À Montréal (Canada), l'eau est sûre. Saluez toujours par un 'Bonjour' avant de passer à l'anglais si besoin. Prises type A/B."
Guadalajara,Mexique,Amér. Latine,Petit,Bouteille,Flexible,Type A/B,Rejeter une Tequila,"À Guadalajara (Mexique), refuser un verre de tequila offert peut être perçu comme un manque de convivialité. Prises type A/B."
Cancun,Mexique,Amér. Latine,Petit,Bouteille,Flexible,Type A/B,Impudeur hors plage,"À Cancun (Mexique), l'eau est en bouteille. Couvrez-vous pour circuler en ville ou dans les centres commerciaux. Prises type A/B."
Lima,Pérou,Amér. Latine,Très Petit,Bouteille,Très Flexible,Type A/C,Confondre Pisco,"À Lima (Pérou), ne dites jamais que le Pisco est chilien ; c'est une fierté nationale péruvienne absolue. Prises type A/C."
Cusco,Pérou,Amér. Latine,Petit,Bouteille,Flexible,Type A/C,Manque de respect Soleil,"À Cusco (Pérou), respectez les croyances liées à l'Inti (le Soleil) et aux montagnes sacrées (Apus). Prises type A/C."
Bogota,Colombie,Amér. Latine,Petit,Bouteille,Flexible,Type A/B,Parler de cartels/drogue,"À Bogota (Colombie), l'eau est préférée en bouteille. La ponctualité est flexible. Évitez absolument d'évoquer les cartels ou la drogue, sujets très sensibles. Prises type A/B."
Medellin,Colombie,Amér. Latine,Petit,Bouteille,Flexible,Type A/B,Tenue trop négligée,"À Medellin (Colombie), l'apparence compte beaucoup. Une tenue trop négligée en ville peut être mal perçue. Prises type A/B."
Santiago,Chili,Amér. Latine,Moyen,Sûre,Strict,Type C/L,Manger avec les mains,"À Santiago (Chili), l'eau est sûre. La ponctualité est plus stricte qu'ailleurs en Amérique Latine. On ne mange jamais avec les mains, même des frites. Prises type C/L."
Sao Paulo,Brésil,Amér. Latine,Très Petit,Sûre,Flexible,Type N,Critiquer le football,"À Sao Paulo (Brésil), l'eau est sûre. L'espace personnel est réduit. Ne critiquez jamais l'équipe nationale de football ou les clubs locaux. Prises type N."
Salvador,Brésil,Amér. Latine,Très Petit,Bouteille,Très Flexible,Type N,Ignorer traditions Baiana,"À Salvador (Brésil), respectez les traditions afro-brésiliennes et les Baianas. La ponctualité est très flexible et l'eau est en bouteille. Prises type N."
Quito,Équateur,Amér. Latine,Petit,Bouteille,Flexible,Type A/B,Ignorer les altitudes,"À Quito (Équateur), l'eau est en bouteille. Respectez les conseils sur l'altitude (soroche) et ne vous précipitez pas physiquement. Prises type A/B."
La Paz,Bolivie,Amér. Latine,Petit,Bouteille,Flexible,Type A/C,Photos sans accord,"À La Paz (Bolivie), l'eau est en bouteille. Il est très impoli de prendre des photos des populations locales sans leur demander la permission. Prises type A/C."
Montevideo,Uruguay,Amér. Latine,Petit,Sûre,Flexible,Type C/I/L,Oublier son Maté,"À Montevideo (Uruguay), l'eau est sûre. Partager le Maté est un rituel social ; ne refusez pas sans raison valable. Prises type C/I/L."
Auckland,Nouv. Zélande,Océanie,Grand,Sûre,Strict,Type I,Marcher sur lieux sacrés,"À Auckland (Nouvelle-Zélande), l'eau est sûre. Respectez les sites sacrés Maoris (Tapu) et ne marchez pas n'importe où. Prises type I."
Melbourne,Australie,Océanie,Grand,Sûre,Strict,Type I,Retard au BBQ,"À Melbourne (Australie), la ponctualité pour les événements sociaux comme le BBQ est très appréciée. L'eau est sûre. Prises type I."
Brisbane,Australie,Océanie,Grand,Sûre,Flexible,Type I,Oublier la crème solaire,"À Brisbane (Australie), le soleil est dangereux. Ne pas se protéger est vu comme une imprudence majeure. L'eau est sûre. Prises type I."
Perth,Australie,Océanie,Grand,Sûre,Strict,Type I,Gaspiller l'eau,"À Perth (Australie), l'eau est une ressource précieuse. Le gaspillage est très mal vu par les habitants. Prises type I."
Suva,Fidji,Océanie,Petit,Bouteille,Très Flexible,Type I,Chapeau au village,"À Suva (Fidji), retirez votre chapeau en entrant dans un village, c'est un signe de respect pour le chef. Prises type I."
Varsovie,Pologne,Europe Est,Moyen,Sûre,Strict,Type C/E,Confondre avec la Russie,"À Varsovie (Pologne), l'eau est sûre. Ne dites jamais que la Pologne fait partie de l'Europe de l'Est 'Russe' ; ils sont en Europe Centrale. Prises type C/E."
Cracovie,Pologne,Europe Est,Moyen,Sûre,Strict,Type C/E,Bruit excessif de nuit,"À Cracovie (Pologne), le respect du calme nocturne est très strict, surtout dans le centre historique. Prises type C/E."
Budapest,Hongrie,Europe Est,Moyen,Sûre,Strict,Type C/F,Trinquer avec la bière,"À Budapest (Hongrie), l'eau est sûre. Une tradition historique veut qu'on ne trinque pas avec des verres de bière. Prises type C/F."
Bucarest,Roumanie,Europe Est,Moyen,Sûre,Flexible,Type C/F,Refuser l'alcool maison,"À Bucarest (Roumanie), l'eau est sûre. Refuser un verre de Tuica offert par un hôte peut être perçu comme impoli. Prises type C/F."
Sofia,Bulgarie,Europe Est,Moyen,Sûre,Flexible,Type C/F,Inverser Oui/Non,"À Sofia (Bulgarie), attention : secouer la tête signifie souvent 'Oui' et hocher la tête 'Non'. Prises type C/F."
Belgrade,Serbie,Europe Est,Petit,Sûre,Flexible,Type C/F,Sujets guerre/politique,"À Belgrade (Serbie), l'eau est sûre. Évitez d'aborder les sujets liés aux guerres de Yougoslavie ou à la politique régionale. Prises type C/F."
Zagreb,Croatie,Europe Est,Moyen,Sûre,Flexible,Type C/F,Précipitation au café,"À Zagreb (Croatie), le café est un rituel lent. Être trop pressé ou demander l'addition trop vite est mal vu. Prises type C/F."
Athènes,Grèce,Europe,Petit,Sûre,Très Flexible,Type C/F,Signe de la Moutza,"À Athènes (Grèce), ne montrez jamais la paume de votre main ouverte (Moutza), c'est une insulte grave. Prises type C/F."
Thessalonique,Grèce,Europe,Petit,Sûre,Flexible,Type C/F,Refuser un Ouzo,"À Thessalonique (Grèce), l'hospitalité est généreuse. Refuser une boisson offerte est un manque de respect. Prises type C/F."
Tallinn,Estonie,Europe Nord,Très Grand,Sûre,Absolue,Type C/F,Parler fort,"À Tallinn (Estonie), l'eau est sûre. Les Estoniens sont très calmes et réservés ; parler fort en public est tabou. Prises type C/F."
Riga,Lettonie,Europe Nord,Grand,Sûre,Absolue,Type C/F,Fleurs en nombre pair,"À Riga (Lettonie), si vous offrez des fleurs, assurez-vous qu'elles soient en nombre impair (le pair est pour les deuils). Prises type C/F."
Vilnius,Lituanie,Europe Nord,Grand,Sûre,Absolue,Type C/F,Siffler à l'intérieur,"À Vilnius (Lituanie), une superstition locale interdit de siffler à l'intérieur sous peine d'attirer le malheur. Prises type C/F."
Reykjavik,Islande,Europe Nord,Grand,Sûre,Strict,Type F,Piscine sans douche,"À Reykjavik (Islande), l'eau du robinet est la meilleure au monde. Il est obligatoire de se doucher nu avant d'entrer au lagon. Prises type F."
Copenhague,Danemark,Europe Nord,Très Grand,Sûre,Absolue,Type C/F,Marcher sur piste cyclable,"À Copenhague (Danemark), ne marchez jamais sur les pistes cyclables ; c'est dangereux et très mal vu. Prises type C/F."
Manille,Philippines,Asie Sud-Est,Petit,Bouteille,Très Flexible,Type A/B/C,Perdre son calme,"À Manille (Philippines), l'eau est en bouteille. La politesse est extrême ; s'énerver en public vous fera perdre tout respect. Prises type A/B/C."
Cebu,Philippines,Asie Sud-Est,Petit,Bouteille,Flexible,Type A/B/C,Refuser le Karaoké,"À Cebu (Philippines), le chant est social. Refuser de participer au karaoké peut passer pour de la froideur. Prises type A/B/C."
Jakarta,Indonésie,Asie Sud-Est,Petit,Bouteille,Flexible,Type C/F,Utiliser main gauche,"À Jakarta (Indonésie), ne donnez jamais d'argent ou d'objet avec la main gauche, considérée comme impure. Prises type C/F."
Bali (Ubud),Indonésie,Asie Sud-Est,Petit,Bouteille,Flexible,Type C/F,Marcher sur les offrandes,"À Bali (Indonésie), l'eau est en bouteille. Ne marchez jamais sur les petits paniers d'offrandes (Canang sari) déposés au sol. Prises type C/F."
Taipei,Taïwan,Asie Est,Moyen,Sûre,Absolue,Type A/B,Manger dans le métro,"À Taipei (Taïwan), l'eau est sûre. Il est strictement interdit de boire ou manger dans le métro (MRT). La ponctualité est absolue. Prises type A/B."
Kaohsiung,Taïwan,Asie Est,Moyen,Sûre,Absolue,Type A/B,Pointer du doigt,"À Kaohsiung (Taïwan), pointer quelqu'un du doigt est impoli. Utilisez la main entière pour désigner une direction. Prises type A/B."
Delhi,Inde,Asie Sud,Très Petit,Bouteille,Très Flexible,Type D/M,Chaussures à l'intérieur,"À Delhi (Inde), retirez toujours vos chaussures en entrant dans une maison ou un temple. L'eau est en bouteille. Prises type D/M."
Bangalore,Inde,Asie Sud,Petit,Bouteille,Flexible,Type D/M,Critiquer le trafic,"À Bangalore (Inde), évitez de vous plaindre du trafic devant les locaux, c'est une réalité quotidienne acceptée. Prises type D/M."
Colombo,Sri Lanka,Asie Sud,Petit,Bouteille,Flexible,Type D/G,Tourner le dos à Bouddha,"À Colombo (Sri Lanka), ne tournez jamais le dos à une statue de Bouddha pour une photo. L'eau est préférée en bouteille. Prises type D/G."
Dhaka,Bangladesh,Asie Sud,Très Petit,Bouteille,Flexible,Type C/D/G/K,Vêtements courts,"À Dhaka (Bangladesh), une tenue modeste est impérative en public pour respecter les normes locales. Prises type C/D/G/K."
Kathmandou,Népal,Asie Sud,Petit,Bouteille,Flexible,Type C/D/M,Toucher qqn avec le pied,"À Kathmandou (Népal), le pied est considéré comme impur. Ne touchez jamais personne ou un objet sacré avec vos pieds. Prises type C/D/M."
Almaty,Kazakhstan,Asie Centrale,Moyen,Bouteille,Flexible,Type C/F,Refuser le pain,"À Almaty (Kazakhstan), le pain est sacré. Refuser d'en goûter quand on vous en offre est un manque de respect. Prises type C/F."
Tachkent,Ouzbékistan,Asie Centrale,Petit,Bouteille,Flexible,Type C/F,Pain à l'envers,"À Tachkent (Ouzbékistan), ne posez jamais le pain (Non) à l'envers sur la table, c'est un signe de malheur. Prises type C/F."
Bakou,Azerbaïdjan,Caucase,Petit,Bouteille,Flexible,Type C/F,Siffler à l'intérieur,"À Bakou (Azerbaïdjan), siffler dans une maison est censé attirer la pauvreté. La ponctualité est flexible. Prises type C/F."
Tbilissi,Géorgie,Caucase,Petit,Sûre,Flexible,Type C/F,Ne pas finir son toast,"À Tbilissi (Géorgie), lors d'un Supra (banquet), il est de coutume de vider son verre après chaque toast du Tamada. Prises type C/F."
Erevan,Arménie,Caucase,Petit,Sûre,Flexible,Type C/F,Sujets politiques régionaux,"À Erevan (Arménie), l'eau du robinet est excellente. Évitez d'aborder les conflits frontaliers historiques sans grande prudence. Prises type C/F."
La Havane,Cuba,Caraïbes,Très Petit,Bouteille,Très Flexible,Type A/B/C/L,Photos militaires,"À La Havane (Cuba), ne prenez jamais de photos de policiers ou de bâtiments officiels. La ponctualité est très élastique. Prises type A/B/C/L."
Saint-Domingue,Rép. Dominicaine,Caraïbes,Petit,Bouteille,Flexible,Type A/B,Tenue trop décontractée,"À Saint-Domingue, une tenue correcte est exigée pour entrer dans les églises et bâtiments officiels. L'eau est en bouteille. Prises type A/B."
Kingston,Jamaïque,Caraïbes,Moyen,Bouteille,Très Flexible,Type A/B,Manque de respect aînés,"À Kingston (Jamaïque), le respect des aînés est au cœur de la culture. La ponctualité est très flexible. Prises type A/B."
San Juan,Porto Rico,Caraïbes,Petit,Sûre,Flexible,Type A/B,Critiquer le statut politique,"À San Juan (Porto Rico), le statut politique vis-à-vis des USA est un sujet de débat intense à éviter. Prises type A/B."
Port-au-Prince,Haïti,Caraïbes,Petit,Bouteille,Flexible,Type A/B,Photos sans accord,"À Port-au-Prince (Haïti), demandez toujours la permission avant de prendre quelqu'un en photo. L'eau est en bouteille. Prises type A/B."
Luxembourg,Luxembourg,Europe,Grand,Sûre,Absolue,Type C/F,Parler d'argent,"Au Luxembourg, parler de son salaire ou de sa richesse est considéré comme très impoli. La ponctualité est absolue. Prises type C/F."
Monaco,Monaco,Europe,Moyen,Sûre,Strict,Type C/E/F,Tenue inappropriée,"À Monaco, il est interdit de circuler torse nu ou pieds nus en ville. Une tenue soignée est exigée partout. Prises type C/E/F."
Bruxelles,Belgique,Europe,Moyen,Sûre,Strict,Type E,Confondre avec la France,"À Bruxelles (Belgique), ne dites pas aux locaux qu'ils sont 'presque français'. L'eau est sûre. Prises type E."
Anvers,Belgique,Europe,Moyen,Sûre,Strict,Type E,Bruit excessif,"À Anvers (Belgique), le calme est apprécié dans l'espace public. La ponctualité est stricte. Prises type E."
Genève,Suisse,Europe,Grand,Sûre,Absolue,Type J,Traverser hors des clous,"À Genève (Suisse), les piétons respectent strictement les passages cloutés. La ponctualité est une règle d'or. Prises type J."
Oslo,Norvège,Europe Nord,Très Grand,Sûre,Absolue,Type C/F,Vantardise,"À Oslo (Norvège), la loi de Jante prévaut : ne vous mettez pas en avant et restez humble. L'eau est excellente. Prises type C/F."
Helsinki,Finlande,Europe Nord,Très Grand,Sûre,Absolue,Type C/F,Interrompre un silence,"À Helsinki (Finlande), le silence n'est pas gênant. N'essayez pas de combler les blancs dans une conversation. Prises type C/F."
Doha,Qatar,Moyen-Orient,Moyen,Bouteille,Flexible,Type G,Main gauche pour manger,"À Doha (Qatar), comme dans tout le Golfe, la main gauche est réservée à l'hygiène et ne doit pas toucher la nourriture. Prises type G."
Mascate,Oman,Moyen-Orient,Moyen,Bouteille,Flexible,Type G,Pointer du doigt,"À Mascate (Oman), désigner quelqu'un du doigt est considéré comme agressif. La politesse est très douce et calme. Prises type G."
Koweït,Koweït,Moyen-Orient,Moyen,Bouteille,Flexible,Type G,Alcool,"Au Koweït, l'alcool est strictement interdit et sa possession est un délit grave. La ponctualité est flexible. Prises type G."
Amman,Jordanie,Moyen-Orient,Petit,Bouteille,Flexible,Type C/F/G/J,Refuser le café,"À Amman (Jordanie), l'hospitalité veut qu'on accepte au moins une tasse de café. Secouez votre tasse pour dire 'assez'. Prises type C/F/G/J."
Beyrouth,Liban,Moyen-Orient,Petit,Bouteille,Flexible,Type C/G,Sujets religieux,"À Beyrouth (Liban), la structure religieuse est complexe ; évitez les commentaires sur les confessions d'autrui. Prises type C/G."
Tehéran,Iran,Moyen-Orient,Petit,Bouteille,Flexible,Type C/F,Pouce levé,"À Tehéran (Iran), le pouce levé est une insulte vulgaire. Maîtrisez le 'Taarof' (politesse rituelle) pour vos échanges. Prises type C/F."
Hébron,Palestine,Moyen-Orient,Très Petit,Bouteille,Flexible,Type C/H,Tenue non modeste,"À Hébron (Palestine), une tenue très couvrante est impérative par respect pour les normes religieuses locales. Prises type C/H."
Tel Aviv,Israël,Moyen-Orient,Petit,Sûre,Flexible,Type C/H,Parler de religion/conflit,"À Tel Aviv (Israël), l'eau est sûre. Évitez d'aborder les sujets politiques ou religieux sensibles sans être invité. Prises type C/H."
Jérusalem,Israël/Palestine,Moyen-Orient,Petit,Sûre,Strict,Type C/H,Tenue courte (Lieux saints),"À Jérusalem, le respect des lieux saints impose une tenue couvrant épaules et genoux. La ponctualité est stricte. Prises type C/H."
Karachi,Pakistan,Asie Sud,Petit,Bouteille,Très Flexible,Type C/D/G/M,Contact homme/femme,"À Karachi (Pakistan), évitez tout contact physique public entre hommes et femmes. La ponctualité est très flexible. Prises type C/D/G/M."
Lahore,Pakistan,Asie Sud,Petit,Bouteille,Flexible,Type C/D/G/M,Manger en public (Ramadan),"À Lahore (Pakistan), respecter scrupuleusement le jeûne du Ramadan en évitant de manger ou boire en public. Prises type C/D/G/M."
Malé,Maldives,Asie Sud,Moyen,Bouteille,Flexible,Type D/G,Alcool hors resorts,"À Malé (Maldives), l'alcool est strictement interdit en dehors des îles-hôtels privées (resorts). Prises type D/G."
Oulan-Bator,Mongolie,Asie Est,Moyen,Bouteille,Flexible,Type C/E,Marcher sur le seuil,"À Oulan-Bator (Mongolie), ne marchez jamais sur le seuil d'une porte (Yourte ou maison), enjambez-le. Prises type C/E."
Macao,Chine,Asie Est,Petit,Sûre,Strict,Type D/G,Offrir des horloges,"À Macao (Chine), n'offrez jamais d'horloge en cadeau, car cela symbolise la mort dans la culture locale. Prises type D/G."
Bordeaux,France,Europe,Moyen,Sûre,15 min,Type E,Critiquer le vin local,"À Bordeaux (France), l'eau est sûre. Critiquer le vin de la région est un manque de tact social majeur. Prises type E."
Lyon,France,Europe,Moyen,Sûre,10 min,Type E,Presser le serveur,"À Lyon (France), capitale de la gastronomie, presser le serveur est considéré comme très impoli. Prises type E."
Munich,Allemagne,Europe,Grand,Sûre,Absolue,Type C/F,Ignorer pistes cyclables,"À Munich (Allemagne), ne marchez jamais sur les pistes cyclables rouges. La ponctualité est absolue. Prises type C/F."
Milan,Italie,Europe,Petit,Sûre,Flexible,Type C/F/L,Vêtements sportifs,"À Milan (Italie), capitale de la mode, les tenues de sport (survêtements) en centre-ville sont très mal vues. Prises type C/F/L."
Venise,Italie,Europe,Petit,Sûre,Flexible,Type C/F/L,Nourrir les pigeons,"À Venise (Italie), il est strictement interdit de nourrir les pigeons sur la place Saint-Marc. Prises type C/F/L."
Séville,Espagne,Europe,Petit,Sûre,Très Flexible,Type C/F,S'énerver pour la lenteur,"À Séville (Espagne), adoptez le rythme local. S'impatienter face à la lenteur du service est impoli. Prises type C/F."
Valence,Espagne,Europe,Petit,Sûre,Flexible,Type C/F,Chorizo dans la paella,"À Valence (Espagne), ne demandez jamais de chorizo dans une paella traditionnelle, c'est une insulte culinaire. Prises type C/F."
Porto,Portugal,Europe,Moyen,Sûre,Flexible,Type C/F,Parler espagnol,"À Porto (Portugal), privilégiez l'anglais ou le français à l'espagnol si vous ne parlez pas portugais. Prises type C/F."
Cologne,Allemagne,Europe,Grand,Sûre,Absolue,Type C/F,Commander bière Munich,"À Cologne (Allemagne), commandez une 'Kölsch' locale et évitez de demander des bières de Munich ou d'ailleurs. Prises type C/F."
Rotterdam,Pays-Bas,Europe,Grand,Sûre,Absolue,Type C/F,Bloquer le passage,"À Rotterdam (Pays-Bas), l'efficacité prime. Ne bloquez pas le flux des piétons ou des cyclistes. Prises type C/F."
Edimbourg,Royaume-Uni,Europe,Grand,Sûre,Strict,Type G,Confondre avec l'Angleterre,"À Edimbourg (Ecosse), ne confondez jamais les Ecossais avec les Anglais. La ponctualité est stricte. Prises type G."
Belfast,Royaume-Uni,Europe,Moyen,Sûre,Strict,Type G,Sujets religieux/politiques,"À Belfast (Irlande du Nord), évitez d'aborder les clivages religieux ou politiques historiques. Prises type G."
Dublin,Irlande,Europe,Moyen,Sûre,Flexible,Type G,Accepter Guinness trop vite,"À Dublin (Irlande), attendez que votre Guinness soit parfaitement servie et reposée avant de la boire. Prises type G."
Bergen,Norvège,Europe,Grand,Sûre,Absolue,Type C/F,Se plaindre de la pluie,"À Bergen (Norvège), la pluie fait partie de l'identité locale. S'en plaindre est jugé inutile et agaçant. Prises type C/F."
Göteborg,Suède,Europe,Très Grand,Sûre,Absolue,Type C/F,Manquer la Fika,"À Göteborg (Suède), la pause café 'Fika' est un rituel social sacré à ne pas négliger. Prises type C/F."
Bratislava,Slovaquie,Europe,Moyen,Sûre,Flexible,Type C/E,Siffler à l'intérieur,"À Bratislava (Slovaquie), l'eau est sûre. Siffler à l'intérieur d'un bâtiment est signe de mauvaise éducation. Prises type C/E."
Ljubljana,Slovénie,Europe,Moyen,Sûre,Strict,Type C/F,Jeter des déchets,"À Ljubljana (Slovénie), la ville est l'une des plus vertes d'Europe. Jeter un déchet au sol est un tabou majeur. Prises type C/F."
Sarajevo,Bosnie,Europe,Petit,Sûre,Flexible,Type C/F,Refuser le café,"À Sarajevo (Bosnie), le café bosnien est un signe d'hospitalité. Le refuser sans raison est impoli. Prises type C/F."
Tirana,Albanie,Europe,Petit,Bouteille,Flexible,Type C/F,Inverser Oui/Non (tête),"À Tirana (Albanie), attention : secouer la tête de gauche à droite peut signifier 'Oui'. Prises type C/F."
Skopje,Macédoine,Europe,Petit,Sûre,Flexible,Type C/F,Critiquer l'histoire,"À Skopje (Macédoine du Nord), les sujets liés à l'identité nationale et l'histoire sont très sensibles. Prises type C/F."
Minsk,Biélorussie,Europe,Moyen,Bouteille,Strict,Type C/F,Photos bâtiments officiels,"À Minsk (Biélorussie), il est interdit de photographier les bâtiments gouvernementaux ou les policiers. Prises type C/F."
Kiev,Ukraine,Europe,Moyen,Sûre,Flexible,Type C/F,Sujets politiques,"À Kiev (Ukraine), l'eau est sûre. Évitez d'aborder les sujets géopolitiques sensibles sans une grande proximité avec l'interlocuteur. Prises type C/F."
Nicosie,Chypre,Europe,Petit,Sûre,Flexible,Type G,Sujets sur la partition,"À Nicosie (Chypre), évitez d'évoquer la ligne de démarcation ou la partition de l'île de manière brusque. Prises type G."
Malte,Malte,Europe,Moyen,Sûre,Flexible,Type G,Tenue légère en église,"À Malte, l'eau est sûre. Une tenue décente (épaules couvertes) est strictement exigée pour visiter les églises. Prises type G."
Pristina,Kosovo,Europe,Petit,Bouteille,Flexible,Type C/F,Sujets sur la Serbie,"À Pristina (Kosovo), l'eau est en bouteille. La politique régionale est un sujet très sensible à éviter en public. Prises type C/F."
Podgorica,Monténégro,Europe,Petit,Sûre,Flexible,Type C/F,Être trop pressé,"À Podgorica (Monténégro), le rythme de vie est calme. Manquer de patience ou presser les gens est mal vu. Prises type C/F."
Vaduz,Liechtenstein,Europe,Grand,Sûre,Absolue,Type J,Bruit le dimanche,"À Vaduz (Liechtenstein), la ponctualité est absolue. Faire du bruit le dimanche (travaux, tondeuse) est un tabou social. Prises type J."
San Salvador,Salvador,Amér. Latine,Petit,Bouteille,Flexible,Type A/B,Parler des gangs,"À San Salvador (Salvador), l'eau est en bouteille. Évitez absolument d'aborder le sujet des gangs ou de la sécurité passée. Prises type A/B."
Panama City,Panama,Amér. Latine,Moyen,Bouteille,Flexible,Type A/B,Critiquer le Canal,"À Panama City, le Canal est une fierté nationale. Toute critique à son égard est très mal perçue par les locaux. Prises type A/B."
Asuncion,Paraguay,Amér. Latine,Petit,Bouteille,Flexible,Type C/F,Refuser le Tereré,"À Asuncion (Paraguay), partager le Tereré (maté froid) est un geste d'amitié. Le refuser est un signe de froideur. Prises type C/F."
Guayaquil,Équateur,Amér. Latine,Petit,Bouteille,Flexible,Type A/B,Se promener seul la nuit,"À Guayaquil (Équateur), la sécurité impose de ne pas marcher seul la nuit dans certains quartiers. L'eau est en bouteille. Prises type A/B."
Port of Spain,Trinité-et-Tobago,Caraïbes,Moyen,Bouteille,Flexible,Type A/B,Sujets raciaux,"À Port of Spain, évitez les commentaires sur les divisions ethniques ou raciales, qui sont des sujets sensibles. Prises type A/B."
Harare,Zimbabwe,Afrique,Petit,Bouteille,Flexible,Type G,Critiquer le gouvernement,"À Harare (Zimbabwe), l'eau est en bouteille. La politique intérieure est un sujet à éviter absolument avec les inconnus. Prises type G."
Lusaka,Zambie,Afrique,Moyen,Bouteille,Flexible,Type C/G,Vêtements provocants,"À Lusaka (Zambie), la modestie vestimentaire est la norme. Les tenues trop courtes sont mal vues en public. Prises type C/G."
Windhoek,Namibie,Afrique,Grand,Sûre,Strict,Type D/M,Gaspiller l'eau,"À Windhoek (Namibie), l'eau est rare et précieuse. Le gaspillage (longues douches) est un tabou écologique majeur. Prises type D/M."
Gaborone,Botswana,Afrique,Moyen,Bouteille,Strict,Type D/G,Ignorer les aînés,"À Gaborone (Botswana), saluez toujours les aînés en premier. La ponctualité est plus stricte que dans les pays voisins. Prises type D/G."
Thimphou,Bhoutan,Asie Sud,Moyen,Bouteille,Strict,Type G,Fumer en public,"À Thimphou (Bhoutan), le tabac est strictement réglementé. Fumer dans les lieux publics est un tabou et un délit. Prises type G."
Bujumbura,Burundi,Afrique,Petit,Bouteille,Flexible,Type C/E,Photos de sécurité,"À Bujumbura (Burundi), l'eau est en bouteille. Ne photographiez jamais de ponts, de bâtiments officiels ou de militaires. Prises type C/E."
Praia,Cap-Vert,Afrique Ouest,Petit,Sûre,Flexible,Type C/F,Impatience,"À Praia (Cap-Vert), l'esprit 'No Stress' domine. Montrer de l'impatience au restaurant est jugé très impoli. Prises type C/F."
Maseru,Lesotho,Afrique,Petit,Bouteille,Flexible,Type M,Refuser un cadeau,"À Maseru (Lesotho), si l'on vous offre quelque chose, recevez-le avec les deux mains. Refuser est une offense. Prises type M."
Victoria,Seychelles,Afrique,Moyen,Sûre,Flexible,Type G,Tenue de plage en ville,"À Victoria (Seychelles), l'eau est sûre. Portez des vêtements corrects dès que vous quittez la plage pour aller en ville. Prises type G."